,UserID,PedidoID,Nome_comprador,ISBN-13,nome_produto,descri√ß√£o,rating,Link,mensagem
0,1,11,La√≠s,978-8582605967,Fundamentos de Python para Ci√™ncia de Dados,"Dados s√£o hoje um dos ativos mais importantes das empresas. Mas como lidarcom eles? Essa √© a pergunta do milh√£o para muitos profissionais n√£o programadores que se deparam com a necessidade de resolver problemas complexos que envolvem grande quantidade de dados. Python √© hoje a principal linguagem de programa√ß√£o para ci√™ncia da dados e aprendizado de m√°quina. Neste guia, o experiente instrutor Kennedy Behrman mostra o b√°sico da codifica√ß√£o com os notebooks Python e Jupyter, ambiente n¬∫ 1 para ci√™ncia de dados profissional. Apresenta ainda as principais bibliotecas, que facilitam lidar com a matem√°tica, com a visualiza√ß√£o, com o aprendizado de m√°quina e com o processamento da linguagem natural. Ent√£o, com base nesses fundamentos, Behrman apresenta t√©cnicas intermedi√°rias de Python para uma solu√ß√£o de problemas mais sofisticada.","4,6",https://www.amazon.com.br/Fundamentos-Python-para-Ci%C3%AAncia-Dados/dp/858260596X/ref=sr_1_8?__mk_pt_BR=%C3%85M%C3%85%C5%BD%C3%95%C3%91&crid=1C0FOGWO184PH&keywords=Ci%C3%AAncia+de+dados&qid=1697053108&sprefix=ci%C3%AAncia+de+dados%2Caps%2C419&sr=8-8,"Ol√° La√≠s! Parab√©ns pela compra do livro ""Fundamentos de Python para Ci√™ncia de Dados"". 
Que tal expandir ainda mais seus conhecimentos nessa √°rea? Acesse a Amazon e descubra nossas novidades!"
1,2,22,Leticia,978-6586057102,"Projetos de Ci√™ncia de Dados com Python: Abordagem de Estudo de Caso Para a Cria√ß√£o de Projetos de Ci√™ncia de Dados Bem-sucedidos Usando Python, Pandas e Scikit-learn","Projetos de ci√™ncia de dados com Python foi pensado para oferecer orienta√ß√£o pr√°tica sobre ferramentas padr√£o para an√°lise de dados e machine learning em Python com a ajuda de dados reais. O curso o ajudar√° a entender como usar pandas e o Matplotlib para examinar criticamente um dataset com s√≠nteses estat√≠sticas e gr√°ficos e extrair os insights que deseja obter. Voc√™ continuar√° adquirindo conhecimento ao aprender a preparar dados e a fornec√™-los para algoritmos de machine learning, como o de regress√£o log√≠stica regularizada e o de floresta aleat√≥ria, usando o pacote scikit-learn. Tamb√©m aprender√° como ajustar algoritmos para fornecer as melhores previs√µes sobre dados novos n√£o conhecidos. √Ä medida que percorrer os cap√≠tulos mais avan√ßados, conhecer√° o funcionamento e a sa√≠da desses algoritmos e entender√° melhor n√£o s√≥ os recursos preditivos dos modelos, mas tamb√©m o que os leva a fazer essas previs√µes. No fim do curso, voc√™ ter√° as habilidades necess√°rias para usar confiantemente v√°rios algoritmos de machine learning a fim de executar an√°lises de dados detalhadas e extrair insights significativos dos dados.","4,7",https://www.amazon.com.br/Projetos-Ci%C3%AAncia-Dados-Python-Bem-sucedidos/dp/6586057108/ref=sr_1_4?__mk_pt_BR=%C3%85M%C3%85%C5%BD%C3%95%C3%91&crid=1C0FOGWO184PH&keywords=Ci%C3%AAncia+de+dados&qid=1697053108&sprefix=ci%C3%AAncia+de+dados%2Caps%2C419&sr=8-4,"Assunto: Parab√©ns, Let√≠cia! Novas descobertas esperam por voc√™ na Amazon.

Prezada Let√≠cia,

Parab√©ns pela compra do livro ""Projetos de Ci√™ncia de Dados com Python: Abordagem de Estudo de Caso Para a Cria√ß√£o de Projetos de Ci√™ncia de Dados Bem-sucedidos Usando Python, Pandas e Scikit-learn"". Esperamos que suas experi√™ncias com an√°lises de dados tenham sido incr√≠veis!

Agora que voc√™ ampliou seus conhecimentos, que tal descobrir mais livros fascinantes sobre ci√™ncia de dados? Explore nossa sele√ß√£o exclusiva e encontre novas oportunidades para aprimorar suas habilidades e extrair insights valiosos. 

Aproveite para conhecer tamb√©m nossos produtos relacionados, como cursos e ferramentas que certamente ir√£o enriquecer sua jornada na √°rea.

Continue sua trajet√≥ria de aprendizado conosco e n√£o deixe de nos contar sobre suas descobertas! Estamos ansiosos para ajud√°-lo(a) em sua busca pelo conhecimento.

Atenciosamente,
Equipe Amazon E-commerce"
2,3,33,Raquel,978-8575228418,"Python Para An√°lise de Dados: Tratamento de Dados com Pandas, NumPy & Jupyter","Adquira o manual definitivo para manipula√ß√£o, processamento, limpeza e extra√ß√£o de informa√ß√µes de conjuntos de dados em Python. Atualizada para Python 3.10 e pandas 1.4, a terceira edi√ß√£o deste guia din√¢mico vem com estudos de casos pr√°ticos que mostram como resolver um amplo conjunto de problemas de an√°lise de dados de maneira eficaz. Durante o processo, voc√™ conhecer√° as √∫ltimas vers√µes do pandas, NumPy e Jupyter.","4,6",https://www.amazon.com.br/Python-Para-An%C3%A1lise-Dados-Tratamento/dp/8575228412/ref=sr_1_5?__mk_pt_BR=%C3%85M%C3%85%C5%BD%C3%95%C3%91&crid=1C0FOGWO184PH&keywords=Ci%C3%AAncia+de+dados&qid=1697053108&sprefix=ci%C3%AAncia+de+dados%2Caps%2C419&sr=8-5&ufe=app_do%3Aamzn1.fos.6d798eae-cadf-45de-946a-f477d47705b9,"Ol√° Raquel! Agradecemos por adquirir ""Python Para An√°lise de Dados""! Queremos te ajudar a aprimorar suas habilidades em ci√™ncia de dados. Confira nossas recomenda√ß√µes e continue explorando novas possibilidades!"
3,4,44,Victoria,978-6586057959,Python e R Para o Cientista de Dados Moderno: o Melhor de Dois Mundos,"O sucesso na ci√™ncia de dados depende do uso flex√≠vel e apropriado de ferramentas. Isso inclui Python e R, duas das linguagens de programa√ß√£o b√°sicas da √°rea. Este livro guiar√° os cientistas de dados das comunidades Python e R pelo trajeto que os tornar√° bil√≠ngues. Ao conhecer as vantagens das duas linguagens, voc√™ descobrir√° novas maneiras de executar tarefas de ci√™ncia de dados e expandir√° seu conjunto de habilidades.","4,7",https://www.amazon.com.br/Python-Para-Cientista-Dados-Moderno/dp/6586057957/ref=sr_1_6?__mk_pt_BR=%C3%85M%C3%85%C5%BD%C3%95%C3%91&crid=1C0FOGWO184PH&keywords=Ci%C3%AAncia+de+dados&qid=1697053108&sprefix=ci%C3%AAncia+de+dados%2Caps%2C419&sr=8-6,"Ol√° Victoria, esperamos que esteja aproveitando seu livro ""Python e R Para o Cientista de Dados Moderno""! Sabemos o quanto √© importante dominar diversas ferramentas na ci√™ncia de dados. Temos mais livros incr√≠veis que podem expandir suas habilidades. Confira agora mesmo! üòâ"
4,5,55,Caio,978-6586098600,Ci√™ncia de Dados e a Intelig√™ncia Artificial na √Årea da Sa√∫de,"Ci√™ncia de Dados e Intelig√™ncia Artificial √© um livro inovador e, por isto, inclui uma in√©dita ferramenta de certifica√ß√£o dos leitores que desejarem participar de um quiz, com perguntas sobre o conte√∫do do livro. O leitor e/ou a leitora poder√£o acessar dois n√≠veis do quiz: o primeiro, chamado de b√°sico, porque possui um n√≠vel simplificado de dificuldade, concede o Certificado de Conhecimentos B√°sicos em Ci√™ncia de Dados e Intelig√™ncia Artificial; e o segundo n√≠vel, nomeado de avan√ßado, traz perguntas mais complexas e em maior quantidade num√©rica, exigindo maior conhecimento sobre o assunto para que seja obtida uma boa pontua√ß√£o, e concede o Certificado de Conhecimentos Avan√ßados em Ci√™ncias de Dados e Intelig√™ncia Artificial.","4,9",https://www.amazon.com.br/Ci%C3%AAncia-Dados-Intelig%C3%AAncia-Artificial-Sa%C3%BAde/dp/6586098602/ref=sr_1_7?__mk_pt_BR=%C3%85M%C3%85%C5%BD%C3%95%C3%91&crid=1C0FOGWO184PH&keywords=Ci%C3%AAncia+de+dados&qid=1697053108&sprefix=ci%C3%AAncia+de+dados%2Caps%2C419&sr=8-7,"Ol√° Caio! Obrigado por escolher nosso livro ""Ci√™ncia de Dados e Intelig√™ncia Artificial na √Årea da Sa√∫de"". Agora, vamos al√©m e teste seu conhecimento com nosso quiz exclusivo. Desperte seu potencial e obtenha seu Certificado de Conhecimentos Avan√ßados em Ci√™ncia de Dados e Intelig√™ncia Artificial. Boa leitura e boas conquistas!"
